{
  "last_layer_decoder_cross_alignment": {
    "head_0": 7.442781497957185e-05,
    "head_1": 5.77344735575025e-06,
    "head_2": 3.34775265287135e-08,
    "head_3": 6.812928177168942e-08
  }
}