{
  "train_loss": [
    0.7235606942966486,
    0.6937252165405614,
    0.69352150684709,
    0.6930925591736082,
    0.6931872159052807,
    0.6930928833925041,
    0.6931488396255834,
    0.6931118581705032,
    0.6931159469732053,
    0.6930827312408738,
    0.6929723567264096,
    0.693008474103964,
    0.6930308873486367,
    0.6930388705745624,
    0.6930693718278484,
    0.6930627678609957,
    0.692955325363548,
    0.6929832370417892,
    0.6929679156109027,
    0.6929492923864133,
    0.6930095834337222,
    0.6929857085464867,
    0.6929992638575803,
    0.6929332564590843,
    0.6929806736624164,
    0.6929103117080251,
    0.692975603091489,
    0.6929522908417283,
    0.6930281884351354,
    0.6929280533912076
  ],
  "train_acc": [
    0.494,
    0.5048,
    0.4992,
    0.512,
    0.4993,
    0.5069,
    0.5079,
    0.5087,
    0.5092,
    0.5093,
    0.5093,
    0.5093,
    0.5093,
    0.5092,
    0.5093,
    0.5093,
    0.5093,
    0.5093,
    0.5089,
    0.5093,
    0.5093,
    0.5093,
    0.5093,
    0.5093,
    0.5093,
    0.5093,
    0.5093,
    0.5093,
    0.5093,
    0.5093
  ],
  "val_loss": [
    0.693102402612567,
    0.6942743491381407,
    0.6939665731042624,
    0.6935366597026587,
    0.6934081818908453,
    0.6936862338334322,
    0.6933169700205326,
    0.6937240958213806,
    0.6936264652758837,
    0.6937348898500204,
    0.693615747615695,
    0.6936515998095274,
    0.6935058012604713,
    0.6936073377728462,
    0.6935717798769474,
    0.6934928987175226,
    0.6936074271798134,
    0.6936194114387035,
    0.6936218552291393,
    0.6936272569000721,
    0.6936801746487617,
    0.6936103329062462,
    0.6936078425496817,
    0.6936554498970509,
    0.6936613824218512,
    0.6936705373227596,
    0.6936381813138723,
    0.6936348211020231,
    0.6936010718345642,
    0.6935967244207859
  ],
  "val_acc": [
    0.506,
    0.494,
    0.494,
    0.494,
    0.494,
    0.494,
    0.494,
    0.494,
    0.494,
    0.494,
    0.494,
    0.494,
    0.494,
    0.494,
    0.494,
    0.494,
    0.494,
    0.494,
    0.494,
    0.494,
    0.494,
    0.494,
    0.494,
    0.494,
    0.494,
    0.494,
    0.494,
    0.494,
    0.494,
    0.494
  ],
  "test_loss": 0.6929589323699474,
  "test_acc": 0.51
}