{
  "train_loss": [
    0.7132835805795754,
    0.6934326613784596,
    0.6945262585475946,
    0.6928918748904186,
    0.693133209541345,
    0.6931956676161213,
    0.693238658510196,
    0.6930684880086571,
    0.6931022139871197,
    0.6930634280678573,
    0.6930103696835269,
    0.6929848482654353,
    0.6930126703468857,
    0.6930432441128287,
    0.6930459623883485,
    0.6929941302651812,
    0.6929869036765615,
    0.6929906318142156,
    0.6929896899089691,
    0.6929724284797717,
    0.6930172477558161,
    0.6929932817531999,
    0.6929858437009678,
    0.6929794333542988,
    0.6929908239158096,
    0.6929792477067109,
    0.6929900782882787,
    0.692977891226483,
    0.6929670652006842,
    0.6929560485918811
  ],
  "train_acc": [
    0.4958,
    0.5033,
    0.4938,
    0.5147,
    0.4997,
    0.5057,
    0.5032,
    0.5093,
    0.5093,
    0.5093,
    0.5093,
    0.5093,
    0.5093,
    0.5093,
    0.5093,
    0.5093,
    0.5093,
    0.5093,
    0.5093,
    0.5093,
    0.5093,
    0.5093,
    0.5093,
    0.5093,
    0.5093,
    0.5093,
    0.5093,
    0.5093,
    0.5093,
    0.5093
  ],
  "val_loss": [
    0.6936669684946537,
    0.6945388093590736,
    0.6936490908265114,
    0.6937278751283884,
    0.6933539565652609,
    0.6935605239123106,
    0.6932486705482006,
    0.6937708836048841,
    0.6936073917895555,
    0.6937942449003458,
    0.6936107743531466,
    0.6936238631606102,
    0.6936201378703117,
    0.6936827339231968,
    0.6936609279364347,
    0.6936333943158388,
    0.6936363056302071,
    0.6936448477208614,
    0.6936343517154455,
    0.6936278659850359,
    0.6936557274311781,
    0.6936291567981243,
    0.6936260163784027,
    0.6936346758157015,
    0.6936352532356977,
    0.6936341933906078,
    0.693626020103693,
    0.6936278026551008,
    0.6936295740306377,
    0.6936279945075512
  ],
  "val_acc": [
    0.506,
    0.494,
    0.494,
    0.494,
    0.494,
    0.494,
    0.494,
    0.494,
    0.494,
    0.494,
    0.494,
    0.494,
    0.494,
    0.494,
    0.494,
    0.494,
    0.494,
    0.494,
    0.494,
    0.494,
    0.494,
    0.494,
    0.494,
    0.494,
    0.494,
    0.494,
    0.494,
    0.494,
    0.494,
    0.494
  ],
  "test_loss": 0.6934292353689671,
  "test_acc": 0.51
}