{
  "train_loss": [
    0.7151374892824015,
    0.693654214880269,
    0.6930191680124611,
    0.6931276746616242,
    0.6931527469568192,
    0.693033274571607,
    0.6930250316668468,
    0.6930545295120045,
    0.6930417464037609,
    0.693027831946209,
    0.6929636225578891,
    0.6930035922178037,
    0.6929526420155908,
    0.6929813133683175,
    0.6929940288993204,
    0.6930160347823124,
    0.6930172242176761,
    0.6929728559627655,
    0.692990976534072,
    0.6929704592486096,
    0.6929660606536137,
    0.6929805707779659,
    0.692980191130547,
    0.6929696103569808,
    0.6930232279619594,
    0.6929454693369045,
    0.6929479560274987,
    0.6929878641845314,
    0.6930004024201897,
    0.6929786015468039
  ],
  "train_acc": [
    0.5034,
    0.4966,
    0.4972,
    0.5093,
    0.5093,
    0.5093,
    0.5093,
    0.5093,
    0.5093,
    0.5093,
    0.5093,
    0.5093,
    0.5093,
    0.5093,
    0.5093,
    0.5093,
    0.5093,
    0.5093,
    0.5093,
    0.5093,
    0.5093,
    0.5093,
    0.5093,
    0.5093,
    0.5093,
    0.5093,
    0.5093,
    0.5093,
    0.5093,
    0.5093
  ],
  "val_loss": [
    0.696132518351078,
    0.6942255236208439,
    0.6943864766508341,
    0.6937910988926888,
    0.6937050800770521,
    0.6936993841081858,
    0.6935667414218187,
    0.693615946918726,
    0.6935001630336046,
    0.6935170497745275,
    0.6936052367091179,
    0.6936759781092405,
    0.6937038972973824,
    0.6936508230865002,
    0.6936452277004719,
    0.69365762360394,
    0.6936369389295578,
    0.6936237085610628,
    0.6936513483524323,
    0.6936350855976343,
    0.6936443280428648,
    0.6936449483036995,
    0.6936500538140535,
    0.6936459615826607,
    0.6936548817902803,
    0.6936391144990921,
    0.6936501935124397,
    0.693652056157589,
    0.6936482805758715,
    0.6936438474804163
  ],
  "val_acc": [
    0.494,
    0.494,
    0.494,
    0.494,
    0.494,
    0.494,
    0.494,
    0.494,
    0.494,
    0.494,
    0.494,
    0.494,
    0.494,
    0.494,
    0.494,
    0.494,
    0.494,
    0.494,
    0.494,
    0.494,
    0.494,
    0.494,
    0.494,
    0.494,
    0.494,
    0.494,
    0.494,
    0.494,
    0.494,
    0.494
  ],
  "test_loss": 0.6964675858616829,
  "test_acc": 0.49
}