{
    "heatmap": {
        "train_loss": [
            0.015450744107365608,
            0.0030713531374931334,
            0.0026089880615472794,
            0.0023640171624720097,
            0.002103802803903818,
            0.001835481384769082,
            0.0015587703138589858,
            0.0012735226657241583,
            0.0010066396929323672,
            0.0007879980956204235,
            0.0006420757598243654,
            0.0005302907235454768,
            0.00043938947026617826,
            0.00038626079331152143,
            0.0003379301365930587,
            0.0002987731259781867,
            0.00026981189497746525,
            0.0002484404039569199,
            0.00023000755405519157,
            0.00021144286147318782,
            0.0001970958849415183,
            0.0001911712938454002,
            0.00018334523134399205,
            0.00016979001404251903,
            0.00016373009944800287,
            0.00015162903640884905,
            0.00014543625293299555,
            0.00013718239613808692,
            0.00013075255672447382,
            0.00012609186669578775
        ],
        "val_loss": [
            0.003332128953188658,
            0.0027906274516135456,
            0.002496300423517823,
            0.0022800988890230656,
            0.0020173717569559814,
            0.0017446665605530143,
            0.0014560887217521668,
            0.001153286537155509,
            0.0009173883660696446,
            0.0007471460872329771,
            0.000605639130808413,
            0.0004930385737679898,
            0.0004310890194028616,
            0.0003863946278579533,
            0.00033028182457201183,
            0.0003000557783525437,
            0.0002689104131422937,
            0.0002624211850343272,
            0.0002363654231885448,
            0.00021680313511751592,
            0.000209085427923128,
            0.00020992050995118915,
            0.00019149628409650176,
            0.00018632009683642537,
            0.0001768890325911343,
            0.00017767567362170667,
            0.00015570532879792155,
            0.0001483474700944498,
            0.00014338499517180025,
            0.00014276912086643278
        ]
    },
    "regression": {
        "train_loss": [
            0.017683152481913565,
            0.014447390511631965,
            0.013940554670989513,
            0.013709728382527828,
            0.013309324681758881,
            0.013145246393978596,
            0.012950953431427478,
            0.01257768902927637,
            0.012515289075672627,
            0.012334982566535473,
            0.011828559339046479,
            0.0110286233574152,
            0.009915746692568063,
            0.009116662107408047,
            0.00936416421085596,
            0.008944234196096659,
            0.008709089439362288,
            0.00905730951577425,
            0.008686890583485365,
            0.00827356306836009,
            0.008116548433899879,
            0.008278335705399513,
            0.007985431849956513,
            0.007988873589783906,
            0.007865740079432726,
            0.007857485245913266,
            0.007764803953468799,
            0.007526779528707266,
            0.007709272094070911,
            0.007908769957721233
        ],
        "val_loss": [
            0.020263913869857788,
            0.015759490206837656,
            0.01340778186917305,
            0.01342316273599863,
            0.013325809240341187,
            0.013374977558851243,
            0.01348511289805174,
            0.013064554557204247,
            0.01310045100748539,
            0.012583010829985142,
            0.01323352448642254,
            0.01075487345457077,
            0.0091816689632833,
            0.008788376953452826,
            0.008795107658952474,
            0.010434602107852697,
            0.008618923611938953,
            0.008365876264870167,
            0.00850708294659853,
            0.008109678886830807,
            0.008133192770183087,
            0.008413974642753601,
            0.007826342694461346,
            0.008047451265156269,
            0.007594995833933353,
            0.008226938713341951,
            0.009178425036370754,
            0.007309678476303816,
            0.008284220211207867,
            0.008350488487631083
        ]
    }
}