{
  "train_loss": [
    2.8769223280013745,
    2.237463594242266,
    2.147642847838675,
    2.091304870168115,
    2.0165337999914863,
    1.848565977849778,
    1.3490587081878809,
    0.8379795968912209,
    0.47148681085580474,
    0.25537984277222564,
    0.17249546605785182,
    0.11650289452759324,
    0.09753189636335062,
    0.07899735217830937,
    0.08776790120158416,
    0.10447017952894709,
    0.08170260401193503,
    0.1447425726207958,
    0.05333673112260498,
    0.030031239931252163,
    0.022073796110162452,
    0.03435218251001825,
    0.029545728848345436,
    0.01656882696529957,
    0.025815185223213712,
    0.020653669462112154,
    0.019710509233313144,
    0.06965131275978675,
    0.030439928341597602,
    0.021202874112619195,
    0.010665354192305866,
    0.013736899374913021,
    0.01370000376241507,
    0.02466306125242441,
    0.015002561446259267,
    0.010858662828920219,
    0.007798664368504427,
    0.004025016350198573,
    0.008582500993366098,
    0.006149819819256663,
    0.01051877506600417,
    0.009472089917580657,
    0.004799827368544217,
    0.0077844346262837885,
    0.00440984499135802,
    0.005950861081899371,
    0.0031409818676730785,
    0.0036573809771815236,
    0.001776599649321006,
    0.006786617839216384
  ],
  "train_acc": [
    0.012539808917197453,
    0.014430732484076433,
    0.018113057324840764,
    0.02119824840764331,
    0.028363853503184714,
    0.04438694267515923,
    0.1318670382165605,
    0.32772691082802546,
    0.5813097133757962,
    0.7884156050955414,
    0.8700238853503185,
    0.9129179936305732,
    0.9322253184713376,
    0.9404856687898089,
    0.9370023885350318,
    0.9252587579617835,
    0.9389928343949044,
    0.8975915605095541,
    0.9601910828025477,
    0.9756170382165605,
    0.9838773885350318,
    0.9768113057324841,
    0.9811902866242038,
    0.9882563694267515,
    0.98328025477707,
    0.9861664012738853,
    0.9853702229299363,
    0.9530254777070064,
    0.9795979299363057,
    0.986265923566879,
    0.9922372611464968,
    0.9913415605095541,
    0.9922372611464968,
    0.9846735668789809,
    0.9886544585987261,
    0.9925358280254777,
    0.996218152866242,
    0.9969148089171974,
    0.9951234076433121,
    0.9958200636942676,
    0.9937300955414012,
    0.9946257961783439,
    0.9968152866242038,
    0.9940286624203821,
    0.9976114649681529,
    0.9975119426751592,
    0.9985071656050956,
    0.9985071656050956,
    0.9991042993630573,
    0.9955214968152867
  ],
  "val_loss": [
    2.1726745888590813,
    2.049538191407919,
    2.0141155682504177,
    1.991235189139843,
    1.8409783318638802,
    1.3476080819964409,
    0.8395555280148983,
    0.3681719144806266,
    0.20735584571957588,
    0.06751037109643221,
    0.06225556318531744,
    0.04897999942477327,
    0.048116028316144366,
    0.028180162171338452,
    0.057403700513532385,
    0.09641646429372486,
    0.0347753554378869,
    0.06691882765153423,
    0.012314158948356635,
    0.007009367644059239,
    0.009087440910207079,
    0.004468253449431359,
    0.003918434566458018,
    0.0012460532102522848,
    0.0023125454335968243,
    0.004156938716278091,
    0.0005935353492532158,
    0.006560541827184352,
    0.0017801731871713855,
    0.0016852368822810604,
    0.0004904519448416522,
    0.0007155396415896575,
    0.0026409259597812706,
    0.004868873404120677,
    0.0020756890447728438,
    0.00016803375353902084,
    0.00020081451083342472,
    0.00010550296145339644,
    0.002413766774537862,
    3.316511167383851e-05,
    5.021395492121883e-05,
    0.00010558333194410352,
    0.0007690323226654527,
    7.260612741788464e-05,
    3.210777762774342e-05,
    1.913626062943763e-05,
    4.5957600704582546e-05,
    2.653992264356475e-05,
    2.0059203187372532e-05,
    3.7240620429201954e-05
  ],
  "val_acc": [
    0.01171875,
    0.0205078125,
    0.0263671875,
    0.0361328125,
    0.046875,
    0.13525390625,
    0.27978515625,
    0.60693359375,
    0.79248046875,
    0.9443359375,
    0.94580078125,
    0.96142578125,
    0.9619140625,
    0.97412109375,
    0.95849609375,
    0.951171875,
    0.9736328125,
    0.94873046875,
    0.986328125,
    0.99267578125,
    0.990234375,
    0.99560546875,
    0.99853515625,
    0.99853515625,
    0.99755859375,
    0.99658203125,
    1.0,
    0.99560546875,
    0.998046875,
    0.99853515625,
    0.99951171875,
    0.9990234375,
    0.998046875,
    0.99560546875,
    0.99853515625,
    1.0,
    0.99951171875,
    1.0,
    0.99853515625,
    1.0,
    1.0,
    1.0,
    0.9990234375,
    1.0,
    1.0,
    1.0,
    1.0,
    1.0,
    1.0,
    1.0
  ],
  "test_loss": 0.0014079568037459467,
  "test_acc": 0.99853515625
}